"Жилая площадь, м^2","Площадь кухни, м^2","Общая площадь, м^2",Этаж,"Стоимость, р.",Количество комнат,Тип жилья,Планировка,Высота потолков,Санузел,Ремонт,Вид из окон,Балкон/лоджия,Количество пассажирских лифтов,Год постройки,Количество грузовых лифтов,Количество этажей,Технология строительства,Район,Станция метро,Широта,Долгота
31.2,37.1,88.6,5,18500000,2,Вторичка,Смежно-изолированная,"2,8 м",,Без ремонта,На улицу,,2,2021.0,0,7,monolithBrick,Выборгский,Черная речка,59.997477,30.328838
17.6,12.4,46.5,14,9000000,1,Вторичка,,"2,58 м",1 раздельный,Косметический,,,3,2002.0,1,28,monolith,Московский,Парк Победы,59.87094,30.310631
17.5,5.5,31.3,4,8120000,1,Вторичка,,"2,5 м",1 совмещенный,Косметический,Во двор,,0,1962.0,0,5,brick,Василеостровский,Приморская,59.938383,30.240625
27.4,6.1,42.4,5,6300000,2,Вторичка,Изолированная,,1 раздельный,Косметический,,,0,1969.0,0,5,panel,Кировский,Проспект Ветеранов,59.82936,30.202492
45.5,15.5,80.4,20,14549999,3,Вторичка,Изолированная,"2,6 м",1 раздельный,Косметический,На улицу и двор,1 лоджия,2,2018.0,1,23,monolith,Невский,Пролетарская,59.862339,30.464467
0.0,0.0,40.4,3,14900000,1,Вторичка,,,1 совмещенный,Дизайнерский,На улицу,,1,2013.0,0,7,monolith,Центральный,Маяковская,59.926242,30.366488
72.1,26.1,107.4,8,58000000,4,Вторичка Пентхаус,Изолированная,,1 раздельный,Дизайнерский,На улицу и двор,,1,2019.0,0,8,,Центральный,Площадь Восстания,59.927116,30.367916
35.0,10.6,59.0,22,11650000,2,Вторичка,Изолированная,,1 раздельный,Дизайнерский,На улицу и двор,1 балкон,2,2012.0,1,25,monolith,Выборгский,Парнас,60.074074,30.329496
15.0,5.0,25.0,19,5000000,0,Вторичка Апартаменты,,,1 совмещенный,Косметический,На улицу,1 балкон,1,2013.0,1,20,,Приморский,Беговая,60.003007,30.203857
20.5,15.6,53.1,5,13600000,1,Вторичка,,,,Дизайнерский,,,3,2012.0,0,24,monolith,Калининский,Академическая,60.013681,30.388227
14.0,3.0,22.0,4,8999000,1,Вторичка,,,1 совмещенный,Дизайнерский,Во двор,,0,1825.0,0,5,brick,Адмиралтейский,Сенная площадь,59.928816,30.321177
16.0,12.0,36.35,19,14800000,1,Вторичка,,"2,7 м",1 совмещенный,Дизайнерский,Во двор,1 балкон,3,,2,21,,Красногвардейский,Ладожская,59.956832,30.449978
30.2,5.6,46.3,3,6840000,2,Вторичка,Изолированная,"2,5 м",1 раздельный,Косметический,Во двор,1 лоджия,0,1968.0,0,5,panel,Кировский,Проспект Ветеранов,59.831499,30.223521
15.6,8.1,31.0,2,6150000,1,Вторичка,,,1 раздельный,Евроремонт,Во двор,,1,1970.0,0,9,panel,Калининский,Площадь Мужества,59.982694,30.398684
14.4,11.3,38.3,3,6500000,1,Вторичка,,"2,6 м",1 совмещенный,Косметический,На улицу,1 балкон,1,2018.0,1,27,monolithBrick,Выборгский,Парнас,60.081951,30.350543
52.0,13.6,88.2,22,31500000,3,Вторичка,Смежная,,"1 совмещенный, 1 раздельный",Евроремонт,На улицу,1 балкон,4,2012.0,0,25,monolith,Приморский,Беговая,59.99382,30.194155
54.0,14.0,100.0,2,32000000,3,Вторичка,Изолированная,"3,1 м",2 раздельных,Без ремонта,На улицу и двор,1 лоджия,1,2011.0,0,9,monolith,Петроградский,Петроградская,59.972505,30.296653
53.8,6.0,72.7,9,13690000,3,Вторичка,Смежно-изолированная,,1 совмещенный,Косметический,Во двор,1 балкон,1,1978.0,0,9,panel,Выборгский,Озерки,60.03487,30.332945
20.1,10.8,38.8,11,7550000,1,Вторичка,,,1 раздельный,Евроремонт,На улицу,1 балкон,2,1992.0,0,12,panel,Приморский,Комендантский проспект,60.002602,30.236223
20.0,10.0,44.4,6,15900000,1,,,,,,,,1,2015.0,0,9,,Петроградский,Петроградская,59.974707,30.316335
14.5,10.1,35.1,9,7299000,1,Вторичка,,"2,55 м",1 совмещенный,Косметический,На улицу и двор,1 балкон,0,,0,15,brick,Московский,Звездная,59.814206,30.343958
56.0,21.0,97.0,10,24000000,3,Вторичка,,"2,8 м",1 совмещенный,Дизайнерский,На улицу и двор,1 лоджия,1,2006.0,1,17,monolith,Василеостровский,Приморская,59.954773,30.214808
0.0,0.0,82.0,6,50000000,3,,,,,,,,2,2016.0,1,10,monolithBrick,Красногвардейский,Площадь Ленина,59.95762,30.405475
14.8,0.0,14.8,2,3200000,0,,,,,,,,0,1917.0,0,2,brick,Пушкинский,,59.705613,30.404451
30.0,30.0,76.0,3,27000000,3,,,,,,,,1,1957.0,0,7,brick,Московский,Московская,59.857305,30.323576
0.0,8.0,63.0,7,12500000,3,Вторичка,Смежно-изолированная,,1 совмещенный,Дизайнерский,На улицу и двор,1 балкон,1,1971.0,0,9,brick,Калининский,Гражданский проспект,60.028793,30.430412
35.1,18.6,61.5,4,24000000,1,Вторичка,,,1 совмещенный,Без ремонта,На улицу,,1,2014.0,1,8,monolithBrick,Петроградский,Спортивная,59.955376,30.28873
19.7,7.1,36.5,5,7000000,1,,,,,,,,1,1988.0,0,9,brick,Выборгский,Озерки,60.035346,30.344435
41.0,18.0,75.2,1,29440000,2,Вторичка Апартаменты,Смежно-изолированная,3 м,"1 совмещенный, 1 раздельный",Косметический,На улицу,,1,2019.0,1,6,monolithBrick,Петроградский,Спортивная,59.953272,30.278741
0.0,43.5,120.0,2,43900000,4,,,,,,,,2,2020.0,1,13,,Выборгский,Лесная,59.981789,30.355268
14.7,10.1,37.0,14,7350000,1,Вторичка,,"2,7 м",1 совмещенный,Евроремонт,Во двор,1 лоджия,2,2014.0,1,24,monolith,Выборгский,Парнас,60.078329,30.342135
49.4,7.7,74.0,3,15500000,3,Вторичка,,"3,52 м",,Без ремонта,На улицу и двор,,1,1900.0,0,5,brick,Петроградский,Чкаловская,59.959899,30.290158
15.9,11.6,36.0,13,6650000,1,,,,,,,,1,2021.0,1,23,monolith,Красногвардейский,Ладожская,59.956832,30.449978
35.0,12.5,80.9,9,16500000,2,,,,,,,,3,2008.0,0,23,brick,Выборгский,Озерки,60.028227,30.33184
31.1,5.8,51.0,1,8200000,2,,,,,,,,0,1973.0,0,5,,Московский,Московская,59.845442,30.31779
20.0,10.2,38.7,7,7499000,1,Вторичка,,,1 раздельный,Косметический,,,2,1986.0,0,16,panel,Красносельский,Проспект Ветеранов,59.856921,30.215059
18.2,0.0,25.8,8,3600000,0,,,,,,,,3,,1,25,monolith,Пушкинский,Купчино,59.812387,30.367153
25.0,14.0,57.0,5,7500000,1,,,,,,,,0,1999.0,0,5,panel,Кировский,Проспект Ветеранов,59.827655,30.224294
21.4,10.3,41.2,12,12990000,1,,,,,,,,1,2021.0,1,12,monolithBrick,Выборгский,Лесная,59.97857,30.333772
15.1,21.8,57.5,1,13900000,1,Вторичка,,"2,75 м",1 раздельный,Косметический,На улицу и двор,1 балкон,1,2014.0,1,15,monolith,Невский,Ладожская,59.916284,30.439548
64.0,40.0,120.0,2,50990000,3,,,,,,,,1,2019.0,1,8,monolith,Петроградский,Чкаловская,59.965007,30.283798
51.7,12.8,83.2,2,23800000,3,,,,,,,,1,2016.0,1,19,monolith,Адмиралтейский,Фрунзенская,59.904189,30.314808
19.5,11.4,40.5,4,13490000,1,,,,,,,,1,2022.0,1,12,monolith,Выборгский,Лесная,59.97857,30.333772
15.3,4.6,28.08,1,4900000,0,,,,,,,,1,,1,4,monolithBrick,Пушкинский,Московская,59.752879,30.366479
43.5,13.9,82.8,11,21000000,2,,,,,,,,1,2021.0,2,24,monolithBrick,Московский,Московская,59.855331,30.319839
0.0,0.0,29.2,9,5400000,1,,,,,,,,1,1971.0,0,9,panel,Невский,Улица Дыбенко,59.911683,30.496645
16.0,10.0,36.0,9,5690000,1,,,,,,,,1,2009.0,1,9,panel,Выборгский,Проспект Просвещения,60.10963,30.267233
50.0,70.0,185.0,5,148000000,3,Вторичка,,,,Дизайнерский,На улицу и двор,1 балкон,2,2017.0,1,10,monolith,Петроградский,Крестовский остров,59.962719,30.267485
51.7,18.0,95.0,12,20400000,3,,,,,,,,2,2005.0,0,14,monolith,Московский,Звездная,59.839108,30.350795
0.0,0.0,177.0,12,52000000,4,,,,,,,,2,2008.0,1,25,monolith,Кировский,Проспект Ветеранов,59.851259,30.240338
72.7,11.0,133.2,3,29900000,4,,,,,,,,0,2012.0,0,5,monolith,Пушкинский,,59.685835,30.436871
33.1,13.6,63.5,3,18600000,2,,,,,,,,0,,1,8,,Выборгский,Проспект Просвещения,60.050183,30.331705
26.1,6.3,45.4,1,6900000,2,,,,,,,,0,1964.0,0,5,panel,Красногвардейский,Ладожская,59.95789,30.426729
20.1,9.4,38.7,11,8400000,1,,,,,,,,1,1981.0,1,12,panel,Фрунзенский,Дунайская,59.847141,30.413749
15.6,11.2,41.3,23,9500000,1,,,,,,,,3,2014.0,0,25,monolith,Фрунзенский,Проспект Славы,59.856045,30.40269
15.7,10.5,40.0,11,8090000,1,,,,,,,,1,2011.0,1,16,monolith,Приморский,Беговая,60.000393,30.208034
16.5,5.0,24.0,9,4800000,0,,,,,,,,2,2020.0,1,19,monolith,Приморский,Комендантский проспект,60.033158,30.238514
46.7,13.6,76.02,1,14500000,3,,,,,,,,1,,1,19,monolith,Калининский,Лесная,59.987992,30.369704
35.2,19.6,76.0,3,27360000,2,,,,,,,,2,2015.0,0,10,monolithBrick,Василеостровский,Спортивная,59.94969,30.262796
14.0,16.0,42.0,19,11980000,1,,,,,,,,2,2021.0,1,24,monolithBrick,Московский,Московская,59.853338,30.344605
22.0,7.0,36.0,4,7400000,1,,,,,,,,2,1969.0,2,12,brick,Московский,Московская,59.849225,30.303498
28.0,9.0,54.0,1,11700000,2,,,,,,,,0,1871.0,0,5,brick,Центральный,Владимирская,59.926233,30.352627
14.2,8.4,33.2,5,6900000,1,,,,,,,,1,1985.0,1,12,panel,Красногвардейский,Ладожская,59.950366,30.471465
17.9,11.9,44.1,8,13900000,1,,,,,,,,2,2017.0,0,14,,Петроградский,Петроградская,59.975648,30.315904
0.0,0.0,96.0,4,21700000,2,,,,,,,,1,1880.0,0,6,brick,Центральный,Площадь Восстания,59.934411,30.361565
18.0,9.0,40.2,4,6500000,1,,,,,,,,1,1984.0,0,6,panel,Пушкинский,,59.73482,30.400642
19.8,9.1,44.0,9,7950000,1,,,,,,,,2,1977.0,1,16,brick,Курортный,Беговая,60.10463,29.974589
33.2,13.5,63.0,25,15700000,2,,,,,,,,1,2016.0,2,25,monolith,Фрунзенский,Проспект Славы,59.856329,30.407667
0.0,0.0,64.8,1,17350000,3,,,,,,,,0,1949.0,0,2,brick,Кировский,Кировский завод,59.875759,30.266649
27.7,11.5,46.9,4,10000000,1,,,,,,,,2,2013.0,2,26,monolith,Невский,Проспект Большевиков,59.915052,30.47001
18.0,0.0,26.74,19,5490000,0,,,,,,,,3,2017.0,1,20,monolith,Приморский,Комендантский проспект,60.039413,30.224294
17.5,8.5,33.3,8,7100000,1,,,,,,,,0,,0,9,panel,Невский,Рыбацкое,59.838141,30.506437
20.0,10.4,40.7,6,7530000,1,,,,,,,,1,1987.0,1,16,panel,Красносельский,Проспект Ветеранов,59.854287,30.219901
0.0,12.8,64.7,12,7990000,2,,,,,,,,1,2020.0,1,14,monolith,Выборгский,Проспект Просвещения,60.069032,30.235379
15.1,12.0,43.4,10,12800000,1,,,,,,,,1,,1,12,monolith,Приморский,Лесная,59.98507,30.32628
29.0,25.0,72.21,5,25000000,2,,,,,,,,0,,0,15,,Адмиралтейский,Фрунзенская,59.905818,30.315967
77.8,12.2,99.7,1,14000000,3,,,,,,,,0,1917.0,0,5,brick,Фрунзенский,Обводный канал,59.913839,30.343635
29.9,16.3,63.0,5,14500000,2,,,,,,,,0,1929.0,0,5,brick,Центральный,Лиговский проспект,59.920668,30.349753
50.0,20.0,94.0,2,25790000,4,,,,,,,,0,1777.0,0,4,brick,Адмиралтейский,Адмиралтейская,59.931062,30.287086
78.0,15.0,112.0,8,23500000,3,,,,,,,,1,2006.0,1,16,brick,Приморский,Удельная,60.029058,30.29403
15.1,14.4,41.01,7,12000000,1,,,,,,,,0,2021.0,0,12,,Приморский,Комендантский проспект,60.031656,30.209481
26.0,14.5,54.4,13,14500000,2,,,,,,,,2,2020.0,2,26,monolith,Приморский,,60.034542,30.226261
0.0,0.0,75.9,14,15000000,2,,,,,,,,3,2008.0,0,16,monolith,Калининский,Гражданский проспект,60.035836,30.412617
39.0,15.0,72.5,7,11900000,4,,,,,,,,1,1985.0,0,9,panel,Красногвардейский,Проспект Большевиков,59.942737,30.475571
15.0,5.0,24.0,1,5490000,0,,,,,,,,1,2016.0,1,10,monolith,Красносельский,Проспект Ветеранов,59.851846,30.137705
16.0,10.0,39.7,8,8050000,1,,,,,,,,3,2016.0,2,25,monolith,Красносельский,Ленинский проспект,59.870366,30.158986
30.1,8.5,50.7,13,10300000,2,,,,,,,,1,1981.0,1,14,panel,Выборгский,Озерки,60.045879,30.320216
22.2,10.5,42.3,8,8800000,1,,,,,,,,1,2010.0,1,16,monolithBrick,Невский,Ладожская,59.930651,30.458952
0.0,0.0,34.2,9,12000000,1,,,,,,,,1,,1,12,monolith,Василеостровский,Приморская,59.955967,30.252887
105.0,12.0,190.0,6,59800000,3,,,,,,,,1,,0,6,brick,Центральный,Чернышевская,59.940844,30.378166
17.0,5.0,27.0,13,7050000,0,,,,,,,,2,2019.0,1,25,monolith,Приморский,Комендантский проспект,60.033773,30.214826
60.0,30.0,96.8,15,33000000,3,,,,,,,,2,2019.0,1,15,monolith,Красногвардейский,Ладожская,59.935205,30.433565
17.0,0.0,22.0,7,7500000,0,,,,,,,,0,,0,13,monolithBrick,Приморский,Лесная,59.990624,30.327906
0.0,0.0,26.0,5,3650000,0,,,,,,,,1,,1,10,monolithBrick,Пушкинский,Купчино,59.757339,30.471618
19.0,0.0,29.0,2,5750000,0,,,,,,,,1,,1,19,brick,Красногвардейский,,59.970623,30.413802
90.0,15.0,136.0,3,53000000,3,,,,,,,,1,2011.0,0,8,monolith,Петроградский,Петроградская,59.968826,30.306732
16.7,11.0,41.0,12,8500000,1,,,,,,,,2,2012.0,2,25,monolith,Красносельский,Ленинский проспект,59.85111,30.218563
0.0,23.6,58.0,3,21000000,2,,,,,,,,1,2016.0,0,9,monolith,Петроградский,Петроградская,59.974387,30.319515
15.0,15.5,33.67,3,11000000,1,,,,,,,,2,2021.0,1,12,monolith,Василеостровский,Приморская,59.955967,30.252887
156.0,27.0,217.0,4,30500000,6,,,,,,,,1,1858.0,0,6,brick,Адмиралтейский,Садовая,59.919585,30.306391
0.0,15.3,97.0,7,25350000,3,,,,,,,,3,2007.0,1,25,monolith,Приморский,Беговая,59.985003,30.218464
17.2,9.8,35.7,23,9490000,1,,,,,,,,4,2012.0,0,23,,Калининский,Гражданский проспект,60.039768,30.407505
44.0,14.0,76.0,4,9800000,2,,,,,,,,2,2017.0,2,25,monolith,Выборгский,Проспект Просвещения,60.071129,30.237526
33.0,8.0,52.5,2,9650000,2,,,,,,,,2,1992.0,0,12,panel,Приморский,Комендантский проспект,60.006098,30.252429
17.0,0.0,17.0,1,2950000,0,,,,,,,,0,1916.0,0,4,brick,Центральный,Площадь Восстания,59.934907,30.380107
0.0,0.0,14.8,2,3000000,0,,,,,,,,1,1896.0,0,7,brick,Центральный,Площадь Александра Невского,59.926409,30.378382
0.0,14.0,45.0,3,8150000,1,,,,,,,,1,1990.0,0,9,panel,Приморский,Комендантский проспект,60.022827,30.25675
18.0,6.0,30.0,2,5800000,1,,,,,,,,0,1970.0,0,5,panel,Красносельский,Проспект Ветеранов,59.825253,30.161295
19.9,9.9,36.3,6,5500000,1,,,,,,,,0,2012.0,0,6,brick,Пушкинский,Шушары,59.756614,30.476038
16.4,8.8,32.8,7,5800000,1,,,,,,,,1,1970.0,0,9,brick,Кировский,Проспект Ветеранов,59.837336,30.21108
27.6,16.3,57.3,19,13200000,2,,,,,,,,2,2019.0,2,26,monolithBrick,Фрунзенский,Дунайская,59.834515,30.401846
0.0,0.0,41.5,14,10700000,1,,,,,,,,2,2011.0,1,24,monolithBrick,Невский,Улица Дыбенко,59.914628,30.481185
0.0,0.0,59.8,5,20300000,2,,,,,,,,0,1900.0,0,6,brick,Петроградский,Горьковская,59.957341,30.315131
32.3,6.6,53.0,1,9300000,3,,,,,,,,0,1900.0,0,4,brick,Центральный,Площадь Восстания,59.938432,30.37354
29.0,10.0,44.0,10,10600000,1,,,,,,,,1,2002.0,1,16,monolithBrick,Приморский,Беговая,59.987303,30.219272
15.8,9.2,34.1,3,7150000,1,,,,,,,,1,1981.0,1,12,monolith,Фрунзенский,Дунайская,59.845537,30.415114
35.1,8.0,56.1,4,13400000,2,,,,,,,,0,1956.0,0,5,stalin,Красногвардейский,Новочеркасская,59.926021,30.412913
22.0,3.0,35.8,5,8900000,1,,,,,,,,0,1912.0,0,7,brick,Адмиралтейский,Балтийская,59.916577,30.289583
33.7,9.2,61.1,9,11300000,2,,,,,,,,3,2009.0,1,25,monolithBrick,Приморский,Беговая,59.996421,30.214709
31.6,8.4,50.7,7,7400000,2,,,,,,,,1,1988.0,0,9,panel,Невский,Рыбацкое,59.838792,30.494157
29.0,5.6,43.1,1,7150000,2,,,,,,,,0,1962.0,0,5,brick,Выборгский,Удельная,60.016456,30.329073
28.0,6.0,43.3,1,7990000,2,,,,,,,,0,1962.0,0,5,brick,Приморский,Пионерская,59.9975,30.319237
50.0,22.0,79.0,3,34700000,2,,,,,,,,4,2019.0,0,10,monolithBrick,Центральный,Чернышевская,59.939938,30.391246
27.0,10.0,48.0,2,8400000,2,,,,,,,,1,1970.0,0,9,panel,Невский,Улица Дыбенко,59.902122,30.469453
27.8,5.6,41.7,7,7300000,2,,,,,,,,1,1963.0,0,8,panel,Кировский,Ленинский проспект,59.847236,30.258268
14.4,11.0,36.3,14,6300000,1,,,,,,,,2,2019.0,1,22,monolithBrick,Невский,Рыбацкое,59.830771,30.534222
13.0,20.0,40.0,5,6400000,1,,,,,,,,0,2016.0,4,25,monolith,Выборгский,Парнас,60.069557,30.312841
18.2,0.0,26.62,6,4390000,0,,,,,,,,2,,2,9,monolithBrick,Красносельский,,59.839488,30.099347
14.9,10.0,31.5,5,9950000,1,,,,,,,,1,2019.0,1,19,monolithBrick,Приморский,Комендантский проспект,60.034542,30.226261
22.9,11.2,46.2,1,8500000,1,,,,,,,,0,1982.0,0,4,brick,Калининский,Лесная,59.981235,30.3807
26.9,10.9,49.9,18,16000000,1,,,,,,,,1,2011.0,1,25,monolithBrick,Московский,Московская,59.853812,30.349699
17.4,13.9,45.1,12,10950000,1,,,,,,,,2,2016.0,2,24,monolithBrick,Приморский,Комендантский проспект,60.02124,30.277771
23.2,12.6,45.0,2,7600000,1,,,,,,,,1,,1,16,panel,Невский,Ломоносовская,59.87757,30.471852
26.9,6.2,43.9,3,6690000,2,,,,,,,,1,1978.0,0,9,panel,Красносельский,Проспект Ветеранов,59.846807,30.209606
14.0,15.0,42.7,6,12500000,1,,,,,,,,0,,0,14,,Приморский,Лесная,59.985863,30.321474
37.5,9.6,56.5,7,10750000,2,,,,,,,,2,1970.0,0,12,brick,Выборгский,Удельная,60.020395,30.321662
18.0,11.0,42.1,3,8500000,1,,,,,,,,1,2002.0,1,13,brick,Калининский,Гражданский проспект,60.043206,30.402843
14.8,11.7,38.4,10,7770000,1,,,,,,,,2,2017.0,1,22,monolith,Красносельский,Автово,59.864096,30.170862
32.0,10.0,55.0,10,9250000,2,,,,,,,,1,1990.0,1,16,panel,Невский,Рыбацкое,59.839316,30.509096
17.0,8.5,32.0,9,6200000,1,,,,,,,,2,2016.0,0,12,monolith,Красносельский,Проспект Ветеранов,59.839054,30.115355
25.6,23.9,66.6,11,16800000,2,,,,,,,,1,2017.0,1,16,monolith,Невский,Проспект Большевиков,59.919852,30.439225
27.4,6.7,44.3,9,7500000,2,,,,,,,,1,1974.0,0,9,panel,Выборгский,Проспект Просвещения,60.04472,30.358457
27.2,1.0,31.2,21,6390000,0,,,,,,,,1,2022.0,1,21,monolithBrick,Приморский,Пионерская,59.994751,30.275237
23.0,16.0,58.0,11,15500000,2,,,,,,,,2,2014.0,1,24,monolithBrick,Калининский,Выборгская,59.984557,30.392045
30.0,9.0,56.3,5,13200000,2,,,,,,,,0,1959.0,0,5,brick,Василеостровский,Приморская,59.939329,30.234041
52.0,15.0,84.0,2,14000000,4,,,,,,,,1,1914.0,0,8,brick,Адмиралтейский,Балтийская,59.922309,30.284014
48.1,10.1,76.9,2,15700000,3,,,,,,,,1,1893.0,0,4,brick,Адмиралтейский,Технологический институт,59.915833,30.312463
110.0,80.3,201.0,7,135000000,5,,,,,,,,1,2017.0,0,7,monolith,Петроградский,Крестовский остров,59.971834,30.263559
0.0,20.0,40.8,26,10500000,1,,,,,,,,2,2017.0,2,28,monolith,Приморский,Комендантский проспект,60.035351,30.225614
17.9,0.0,24.6,12,4700000,0,,,,,,,,2,2019.0,0,13,brick,Красносельский,Проспект Ветеранов,59.843923,30.110639
45.1,18.3,88.0,11,26900000,3,,,,,,,,2,2021.0,2,17,monolith,Василеостровский,Приморская,59.941479,30.193841
34.4,10.5,59.8,5,18900000,2,,,,,,,,1,2005.0,0,6,monolithBrick,Адмиралтейский,Балтийская,59.913735,30.296384
64.0,10.1,104.2,1,15800000,4,,,,,,,,1,2013.0,1,18,panel,Московский,Московская,59.833068,30.31232
30.0,8.5,51.5,3,8600000,2,,,,,,,,1,1995.0,0,10,panel,Красногвардейский,Ладожская,59.984247,30.522894
15.9,5.4,27.7,3,11900000,1,,,,,,,,1,1967.0,0,6,brick,Адмиралтейский,Нарвская,59.919464,30.280708
51.0,14.0,87.5,10,18800000,3,,,,,,,,1,2006.0,1,17,panel,Выборгский,Озерки,60.041144,30.332694
17.0,0.0,25.4,19,5300000,0,,,,,,,,1,2020.0,1,23,monolith,Пушкинский,Купчино,59.812193,30.373693
17.9,0.0,24.9,2,6100000,0,,,,,,,,2,2015.0,1,24,monolith,Калининский,Площадь Мужества,59.983734,30.385182
72.0,18.0,110.0,2,43000000,3,,,,,,,,1,1914.0,0,6,brick,Петроградский,Горьковская,59.95553,30.327034
20.0,6.0,32.3,5,11850000,0,,,,,,,,4,2019.0,1,8,monolith,Центральный,Площадь Александра Невского,59.926841,30.384598
14.0,10.4,32.58,7,6400000,1,,,,,,,,1,2021.0,1,8,monolithBrick,Красносельский,Проспект Ветеранов,59.841062,30.099284
0.0,0.0,79.0,6,14900000,3,,,,,,,,1,1910.0,0,7,brick,Выборгский,Лесная,59.995044,30.329666
31.0,14.2,68.4,20,15800000,2,,,,,,,,3,,1,23,monolithBrick,Василеостровский,Приморская,59.938486,30.196437
18.0,5.0,26.0,4,7400000,0,,,,,,,,0,,0,12,,Московский,Московская,59.842797,30.303229
48.6,8.8,72.0,7,12500000,3,,,,,,,,1,1979.0,1,12,panel,Московский,Московская,59.836879,30.314925
18.0,11.1,32.6,12,8190000,1,,,,,,,,2,2021.0,1,12,monolith,Приморский,,60.056908,30.267997
15.3,12.5,36.5,9,8200000,1,,,,,,,,1,,1,16,,Красногвардейский,,59.970303,30.418851
10.0,15.0,32.0,10,9990000,1,,,,,,,,1,,1,12,monolithBrick,Московский,Бухарестская,59.873162,30.34827
52.0,10.2,93.0,8,14150000,3,,,,,,,,1,2006.0,1,16,panel,Красносельский,Проспект Ветеранов,59.790023,30.14667
0.0,0.0,28.8,1,6359000,0,,,,,,,,0,2009.0,0,20,brick,Московский,Электросила,59.873735,30.310505
25.0,17.0,67.0,12,13400000,3,,,,,,,,1,2019.0,1,12,brick,Красносельский,Проспект Ветеранов,59.843923,30.110639
33.5,8.5,53.6,9,8800000,2,,,,,,,,1,1967.0,0,9,brick,Красносельский,,59.834379,30.152132
0.0,29.4,91.0,15,25500000,3,,,,,,,,2,2014.0,1,15,monolithBrick,Невский,Новочеркасская,59.916284,30.439548
18.0,5.0,27.3,6,8800000,0,,,,,,,,0,2020.0,1,6,monolith,Василеостровский,Приморская,59.941479,30.193841
15.5,10.4,38.7,23,13500000,1,,,,,,,,1,,1,24,monolith,Московский,Московская,59.853338,30.344605
13.0,20.0,47.5,22,7200000,1,,,,,,,,1,2015.0,1,24,monolith,Пушкинский,Купчино,59.811609,30.364045
22.2,10.5,42.3,8,8800000,1,,,,,,,,1,2010.0,1,16,monolith,Невский,Ладожская,59.930651,30.458952
0.0,18.0,76.2,21,11500000,3,,,,,,,,2,2017.0,1,25,monolithBrick,Выборгский,Парнас,60.079792,30.348809
21.8,0.0,32.6,13,8100000,0,,,,,,,,2,2018.0,1,19,brick,Приморский,Пионерская,60.006206,30.282882
47.1,7.8,69.1,5,8300000,3,,,,,,,,0,1976.0,0,5,brick,Пушкинский,,59.705881,30.367557
13.0,2.0,15.0,4,4100000,0,,,,,,,,2,2020.0,2,15,monolith,Выборгский,Лесная,59.982064,30.333628
34.0,11.0,58.0,7,13500000,2,,,,,,,,1,2009.0,0,10,panel,Кировский,Автово,59.866775,30.270126
38.6,6.1,56.6,1,8900000,3,,,,,,,,1,1986.0,0,9,panel,Приморский,Комендантский проспект,60.009917,30.269758
18.0,0.0,24.0,2,4850000,0,,,,,,,,0,,1,5,monolithBrick,Московский,Московская,59.760235,30.319488
17.5,0.0,26.3,19,6750000,0,,,,,,,,3,2017.0,0,25,monolith,Красногвардейский,Лесная,59.977976,30.436638
17.6,16.3,53.27,9,9900000,1,,,,,,,,1,2021.0,1,13,monolithBrick,Кировский,Нарвская,59.907347,30.250192
20.0,6.0,37.5,1,6950000,1,,,,,,,,0,1961.0,0,3,brick,Пушкинский,Купчино,59.717259,30.410757
59.5,18.9,117.2,4,24373920,3,,,,,,,,1,2021.0,1,11,,Выборгский,Черная речка,59.997477,30.328838
85.5,16.6,138.7,4,28950000,4,,,,,,,,1,2001.0,0,5,brick,Пушкинский,,59.740135,30.399986
15.3,6.7,29.3,6,4200000,1,,,,,,,,1,1976.0,0,9,panel,Колпинский,,59.738548,30.576424
28.5,7.1,45.7,7,7500000,2,,,,,,,,1,1974.0,0,9,,Невский,Проспект Большевиков,59.919617,30.47902
18.4,12.5,46.1,8,8800000,1,,,,,,,,1,1989.0,0,10,panel,Невский,Улица Дыбенко,59.901242,30.494265
48.0,11.0,75.9,6,12500000,3,,,,,,,,1,1913.0,0,6,brick,Адмиралтейский,Нарвская,59.903706,30.274222
33.0,13.0,59.6,3,15500000,2,,,,,,,,0,1957.0,0,3,wood,Пушкинский,,59.72059,30.398935
0.0,0.0,87.1,1,17500000,4,,,,,,,,1,1908.0,0,6,brick,Центральный,Площадь Восстания,59.936021,30.370162
64.2,19.2,106.3,3,19150000,4,,,,,,,,1,1914.0,0,6,brick,Центральный,Чернышевская,59.943701,30.360101
59.2,15.4,105.2,1,19222272,3,,,,,,,,1,2021.0,1,11,,Выборгский,Черная речка,59.997477,30.328838
59.8,10.6,88.7,4,22000000,4,,,,,,,,1,1934.0,0,7,brick,Выборгский,Лесная,59.984013,30.343051
17.8,6.3,30.5,9,5300000,1,,,,,,,,1,1970.0,0,9,panel,Красносельский,Проспект Ветеранов,59.836201,30.17026
15.0,3.0,24.0,4,5570000,0,,,,,,,,0,,0,11,,Невский,Рыбацкое,59.831679,30.523568
20.1,7.5,35.2,5,6800000,1,,,,,,,,2,1972.0,0,14,brick,Красносельский,Проспект Ветеранов,59.830006,30.177276
0.0,10.1,35.3,16,7500000,1,,,,,,,,2,2017.0,1,23,monolith,Выборгский,Парнас,60.079639,30.33608
29.7,13.7,59.2,12,9450000,2,,,,,,,,2,2015.0,0,18,,Красногвардейский,Девяткино,60.029885,30.452044
25.0,16.0,56.5,2,11760000,1,,,,,,,,1,2021.0,1,6,monolith,Выборгский,Проспект Просвещения,60.062759,30.291344
26.8,13.9,55.9,3,12000000,2,,,,,,,,3,,0,24,monolithBrick,Невский,Улица Дыбенко,59.898828,30.458682
14.5,12.8,35.3,11,14450000,1,,,,,,,,1,2021.0,1,13,monolith,Василеостровский,Приморская,59.938486,30.196437
63.0,15.0,100.0,5,14800000,4,,,,,,,,1,1989.0,1,12,panel,Приморский,Комендантский проспект,60.021982,30.233529
31.2,11.6,55.3,13,14990000,2,,,,,,,,2,,1,21,monolith,Московский,Звездная,59.837268,30.35578
49.0,9.3,76.0,1,16750000,3,,,,,,,,0,1960.0,0,5,brick,Выборгский,Удельная,60.015466,30.32742
67.0,10.0,91.8,5,18000000,3,,,,,,,,0,,0,5,stalin,Выборгский,Лесная,59.9807,30.336026
46.0,9.0,72.0,7,18200000,3,,,,,,,,1,,0,7,stalin,Московский,Парк Победы,59.860662,30.332532
49.5,11.5,81.7,16,21000000,3,,,,,,,,1,2008.0,1,16,monolithBrick,Калининский,Гражданский проспект,60.028703,30.403121
78.4,0.0,135.9,16,28700000,4,,,,,,,,1,2004.0,1,17,monolith,Василеостровский,Приморская,59.954773,30.214808
54.6,8.7,80.0,2,20900000,3,,,,,,,,1,1961.0,0,7,brick,Московский,Московская,59.853713,30.327537
17.0,10.0,39.0,6,11500000,1,,,,,,,,1,2002.0,0,10,monolith,Выборгский,Площадь Ленина,59.959377,30.350579
45.0,6.0,60.0,6,10900000,3,,,,,,,,1,,0,9,brick,Калининский,Академическая,60.001203,30.395315
18.0,10.0,28.15,8,4850000,1,,,,,,,,2,,1,8,monolith,Красносельский,Проспект Ветеранов,59.848841,30.096194
21.2,7.5,37.0,10,7499000,1,,,,,,,,1,1974.0,1,14,brick,Невский,Проспект Большевиков,59.91867,30.489818
66.0,10.0,97.0,4,9800000,4,,,,,,,,0,1956.0,0,5,brick,Колпинский,Рыбацкое,59.786432,30.625428
23.0,10.0,47.0,7,6640000,1,,,,,,,,1,2007.0,1,9,panel,Петродворцовый,Проспект Ветеранов,59.905845,29.777714
17.3,5.6,31.5,4,5950000,1,,,,,,,,0,1959.0,0,5,brick,Кировский,Нарвская,59.896783,30.267368
18.0,4.0,27.1,2,6950000,1,,,,,,,,1,1912.0,0,6,brick,Адмиралтейский,Балтийская,59.904423,30.291614
0.0,0.0,50.0,1,10990000,2,,,,,,,,0,1894.0,0,5,brick,Петроградский,Петроградская,59.965282,30.309265
55.5,11.5,96.5,7,12500000,3,,,,,,,,0,2009.0,1,8,panel,Красносельский,Ленинский проспект,59.857992,30.172057
29.5,7.3,50.6,5,9500000,2,,,,,,,,0,1930.0,0,5,brick,Курортный,Беговая,60.098933,29.96027
46.9,7.5,69.1,2,12000000,3,,,,,,,,0,1955.0,0,5,brick,Калининский,Выборгская,59.970564,30.38529
26.0,0.0,29.0,23,5999000,0,,,,,,,,1,2017.0,1,23,monolithBrick,Красногвардейский,Ладожская,59.977976,30.436638
17.3,0.0,28.7,4,9950000,0,,,,,,,,1,2016.0,0,13,monolith,Красногвардейский,Новочеркасская,59.933988,30.413964
57.0,15.4,101.0,6,28700000,3,,,,,,,,1,2012.0,1,19,monolith,Выборгский,Проспект Просвещения,60.052923,30.311951
15.3,0.0,28.7,6,5700000,0,,,,,,,,1,2020.0,1,8,monolithBrick,Красносельский,Автово,59.847783,30.105483
15.0,0.0,25.7,3,7900000,1,,,,,,,,0,,0,4,brick,Адмиралтейский,Пушкинская,59.917249,30.333772
39.2,6.3,57.9,7,9350000,3,,,,,,,,1,1974.0,0,9,panel,Выборгский,Озерки,60.041179,30.34315
15.6,8.0,31.5,2,4500000,1,,,,,,,,1,1966.0,0,9,panel,Калининский,Площадь Ленина,59.983878,30.422741
17.8,8.3,36.7,7,7800000,1,,,,,,,,1,1990.0,0,10,panel,Приморский,Беговая,59.988469,30.21523
18.0,6.0,31.0,4,5500000,1,,,,,,,,0,1966.0,0,5,panel,Фрунзенский,Международная,59.862583,30.371106
15.1,6.6,29.5,6,5700000,1,,,,,,,,1,1976.0,0,9,panel,Фрунзенский,Проспект Славы,59.847019,30.391048
17.9,6.3,31.3,3,6100000,1,,,,,,,,1,1978.0,0,9,panel,Приморский,Пионерская,60.013735,30.283277
20.1,7.1,34.2,2,5150000,1,,,,,,,,0,1971.0,0,5,panel,Калининский,Гражданский проспект,60.045385,30.405637
27.5,6.0,44.5,2,7300000,2,,,,,,,,1,1974.0,0,9,panel,Невский,Улица Дыбенко,59.911498,30.473585
0.0,0.0,19.1,2,3749999,1,,,,,,,,0,,0,3,brick,Кировский,Нарвская,59.898449,30.285442
14.0,0.0,14.0,2,2800000,0,,,,,,,,0,1846.0,0,5,brick,Адмиралтейский,Нарвская,59.912865,30.270925
19.0,6.0,32.0,3,5450000,1,,,,,,,,0,1961.0,0,5,panel,Московский,Московская,59.857436,30.296366
32.0,6.0,42.0,1,5700000,3,,,,,,,,0,1963.0,0,5,panel,Московский,Московская,59.854346,30.299546
13.0,5.0,23.2,3,5000000,1,,,,,,,,1,1964.0,0,9,panel,Кировский,Ленинский проспект,59.845496,30.278992
0.0,0.0,27.2,2,4900000,1,,,,,,,,0,2014.0,0,4,,Выборгский,Парнас,60.075447,30.319587
0.0,0.0,26.0,2,4750000,0,,,,,,,,0,1951.0,0,6,brick,Петроградский,Петроградская,59.964237,30.313497
16.0,8.0,31.2,9,5800000,1,,,,,,,,1,1968.0,0,9,panel,Калининский,Академическая,60.015224,30.40269
18.9,7.0,32.5,6,6500000,1,,,,,,,,1,1975.0,0,9,panel,Невский,Улица Дыбенко,59.902465,30.470549
18.7,7.6,38.0,6,6200000,1,,,,,,,,2,1987.0,2,16,brick,Красногвардейский,Ладожская,59.94179,30.468429
0.0,0.0,27.0,14,8099000,1,,,,,,,,4,2017.0,2,26,monolith,Невский,Пролетарская,59.861715,30.452529
13.0,5.0,24.0,6,5400000,1,,,,,,,,1,1965.0,0,9,panel,Кировский,Ленинский проспект,59.842241,30.271123
15.9,8.9,33.6,21,5500000,1,,,,,,,,1,2013.0,2,23,monolith,Невский,Ломоносовская,59.863513,30.505943
18.1,0.0,25.8,8,5600000,0,,,,,,,,1,2021.0,1,21,,Приморский,Пионерская,59.994751,30.275237
17.0,10.0,35.0,8,5970000,1,,,,,,,,0,2021.0,1,8,monolithBrick,Красносельский,,59.842052,30.103812
15.1,6.6,29.0,6,6000000,1,,,,,,,,1,,0,9,,Фрунзенский,Купчино,59.838037,30.384787
10.3,15.3,37.5,4,6300000,1,,,,,,,,1,,1,6,monolith,Пушкинский,,59.756256,30.324672
18.0,10.0,33.0,4,6500000,1,,,,,,,,2,2015.0,1,24,monolith,Пушкинский,Купчино,59.806916,30.369138
25.0,15.0,49.6,15,6650000,1,,,,,,,,0,,0,19,panel,Приморский,Комендантский проспект,60.033976,30.237427
16.0,0.0,24.0,9,3800000,0,,,,,,,,3,1979.0,0,16,brick,Фрунзенский,Дунайская,59.841523,30.402017
13.0,14.0,36.0,19,5950000,1,,,,,,,,3,,2,25,panel,Красногвардейский,Девяткино,60.013825,30.483045
18.0,0.0,26.5,17,7350000,0,,,,,,,,4,2008.0,0,24,monolith,Выборгский,Лесная,59.980339,30.35039
17.5,6.0,31.5,3,5640000,1,,,,,,,,0,1972.0,0,5,,Невский,Проспект Большевиков,59.920438,30.485838
19.5,0.0,22.1,8,3400000,0,,,,,,,,2,,2,20,monolith,Выборгский,Парнас,60.071358,30.343617
0.0,6.0,31.0,2,6100000,1,,,,,,,,0,1961.0,0,5,panel,Московский,Московская,59.856944,30.299213
0.0,4.8,44.4,5,7200000,2,,,,,,,,0,1961.0,0,5,panel,Московский,Московская,59.854599,30.302564
0.0,0.0,30.0,8,4370000,1,,,,,,,,1,,1,12,block,Пушкинский,Купчино,59.806174,30.358071
17.0,6.0,35.0,2,7200000,1,,,,,,,,1,1971.0,0,9,brick,Фрунзенский,Международная,59.869634,30.387994
16.3,6.1,32.0,4,5300000,1,,,,,,,,0,1969.0,0,5,brick,Красногвардейский,Академическая,60.002607,30.448432
16.1,3.7,25.5,8,5590000,1,,,,,,,,1,1965.0,0,9,panel,Кировский,Ленинский проспект,59.843575,30.273009
18.0,7.0,30.5,1,5900000,1,,,,,,,,0,1964.0,0,5,panel,Калининский,Академическая,59.999827,30.389692
21.6,7.5,40.0,9,7900000,1,,,,,,,,1,1972.0,1,14,brick,Фрунзенский,Международная,59.866599,30.367872
30.0,10.0,50.0,13,7000000,1,,,,,,,,2,1989.0,1,14,brick,Фрунзенский,Международная,59.876364,30.40658
37.7,5.9,49.8,1,5290000,4,,,,,,,,0,1960.0,0,5,,Московский,Московская,59.846753,30.316847
19.0,6.0,32.0,3,4250000,1,,,,,,,,0,1966.0,0,5,brick,Колпинский,Рыбацкое,59.807477,30.581293
15.3,10.5,35.0,13,7490000,1,,,,,,,,1,2008.0,1,16,monolithBrick,Московский,Купчино,59.844682,30.365653
16.0,9.0,38.0,10,7300000,1,,,,,,,,4,2011.0,0,27,monolith,Выборгский,Парнас,60.070276,30.335047
26.0,8.9,46.8,8,4500000,2,,,,,,,,1,,0,9,brick,Пушкинский,,59.758708,30.470073
25.5,16.1,53.0,14,8150000,3,,,,,,,,2,2021.0,1,25,,Приморский,,60.033773,30.214826
0.0,0.0,33.6,6,6400000,1,,,,,,,,1,1974.0,0,9,panel,Выборгский,Проспект Просвещения,60.046998,30.37442
15.0,10.0,37.0,3,5700000,1,,,,,,,,2,,1,16,brick,Невский,Пролетарская,59.866287,30.511719
28.1,5.2,43.8,1,7500000,2,,,,,,,,0,1962.0,0,5,panel,Московский,Московская,59.841405,30.331337
11.2,14.4,35.5,9,5650000,1,,,,,,,,0,,0,15,,Московский,Звездная,59.814206,30.343958
25.0,8.0,45.7,8,7900000,2,,,,,,,,1,1972.0,0,9,panel,Калининский,Гражданский проспект,60.036686,30.395297
26.8,5.8,42.2,5,7000000,2,,,,,,,,1,,0,7,,Калининский,Политехническая,60.013528,30.423387
30.0,8.0,46.5,9,7800000,2,,,,,,,,1,1977.0,0,9,panel,Выборгский,Озерки,60.038519,30.344578
14.7,13.3,40.5,21,6990000,1,,,,,,,,3,2014.0,0,28,monolith,Выборгский,Парнас,60.078329,30.342135
15.4,15.9,40.17,7,7400000,1,,,,,,,,4,2013.0,1,27,monolith,Выборгский,Парнас,60.073764,30.338326
15.6,9.4,32.0,25,7790000,1,,,,,,,,4,2014.0,1,25,monolith,Московский,Московская,59.821449,30.327519
27.2,6.0,42.4,5,6850000,2,,,,,,,,0,1963.0,0,5,panel,Московский,Парк Победы,59.862289,30.350283
0.0,0.0,45.0,6,8200000,2,,,,,,,,1,1969.0,0,9,panel,Невский,Улица Дыбенко,59.900547,30.47743
0.0,0.0,36.6,5,8000000,1,,,,,,,,1,2016.0,1,16,monolith,Калининский,Выборгская,59.978899,30.374393
0.0,0.0,23.0,2,4300000,0,,,,,,,,0,1843.0,0,4,brick,Адмиралтейский,Садовая,59.925187,30.307837
11.7,8.4,31.0,1,6150000,1,,,,,,,,1,2017.0,0,25,,Приморский,,60.037674,30.250668
18.0,7.2,33.6,8,6500000,1,,,,,,,,2,1985.0,0,12,panel,Невский,Проспект Большевиков,59.931747,30.467028
14.4,8.0,28.5,1,6500000,1,,,,,,,,0,1966.0,0,9,brick,Московский,Звездная,59.838557,30.345504
19.5,0.0,21.9,2,3600000,0,,,,,,,,0,,0,3,,Невский,Елизаровская,59.891864,30.43936
18.0,6.0,31.0,2,6200000,1,,,,,,,,0,1963.0,0,5,panel,Калининский,,59.972019,30.406688
17.8,6.2,30.5,4,6390000,1,,,,,,,,1,1980.0,0,9,panel,Выборгский,Проспект Просвещения,60.063716,30.311996
17.3,10.2,37.5,4,7500000,1,,,,,,,,1,2017.0,1,12,monolith,Красносельский,Проспект Ветеранов,59.841975,30.113127
18.9,10.3,40.0,10,7800000,1,,,,,,,,1,2006.0,1,10,panel,Красногвардейский,Ладожская,59.936927,30.494651
20.0,5.0,25.4,11,7200000,0,,,,,,,,0,,0,15,brick,Невский,Новочеркасская,59.913158,30.422363
0.0,8.9,36.28,2,7750000,1,,,,,,,,1,2018.0,1,24,,Приморский,Комендантский проспект,60.027494,30.253974
17.2,10.7,37.2,8,7200000,1,,,,,,,,1,1999.0,1,16,brick,Кировский,Проспект Ветеранов,59.831377,30.193904
16.8,6.0,24.6,10,5800000,0,,,,,,,,2,2016.0,1,26,monolith,Невский,Улица Дыбенко,59.892518,30.451406
17.0,9.0,31.0,2,7600000,1,,,,,,,,2,,1,25,panel,Московский,Звездная,59.819196,30.327627
15.0,10.0,37.0,7,7000000,1,,,,,,,,0,,1,8,brick,Курортный,Озерки,60.117862,30.17044
0.0,0.0,27.0,11,4500000,0,,,,,,,,4,2015.0,1,25,monolithBrick,Пушкинский,Купчино,59.811609,30.364045
27.9,4.8,41.6,4,5999999,2,,,,,,,,0,1962.0,0,5,brick,Курортный,Озерки,60.117987,30.186645
0.0,0.0,26.0,3,4650000,0,,,,,,,,0,,0,6,,Петроградский,Горьковская,59.958994,30.32751
18.5,6.5,32.2,9,7000000,1,,,,,,,,1,,0,9,panel,Невский,Ломоносовская,59.879895,30.456913
15.8,9.6,39.8,22,6950000,1,,,,,,,,2,2020.0,1,27,brick,Выборгский,Парнас,60.076448,30.34845
17.0,7.5,31.0,1,6500000,1,,,,,,,,2,1980.0,0,12,monolith,Выборгский,Проспект Просвещения,60.045843,30.328543
15.2,2.0,18.5,2,3700000,0,,,,,,,,0,,0,4,,Центральный,Владимирская,59.927008,30.356337
26.4,6.1,42.4,3,6599000,2,,,,,,,,0,1964.0,0,5,panel,Московский,Купчино,59.846152,30.360263
17.4,5.7,31.5,1,5300000,1,,,,,,,,0,1968.0,0,5,panel,Кировский,Проспект Ветеранов,59.826614,30.22883
0.0,0.0,16.0,2,3350000,0,,,,,,,,0,,0,4,,Центральный,Чернышевская,59.943345,30.361107
16.0,0.0,26.7,3,6000000,0,,,,,,,,3,2015.0,1,26,monolithBrick,Выборгский,Парнас,60.069804,30.326127
0.0,0.0,40.0,9,7550000,1,,,,,,,,1,2016.0,1,19,monolith,Красносельский,Ленинский проспект,59.852972,30.148108
17.0,10.0,37.0,17,7150000,1,,,,,,,,1,2019.0,0,24,monolith,Выборгский,Парнас,60.072027,30.318491
16.5,8.2,31.5,7,6000000,1,,,,,,,,1,1973.0,0,9,panel,Выборгский,Проспект Просвещения,60.047694,30.367916
10.0,6.0,25.1,13,4999000,0,,,,,,,,1,,1,13,,Красногвардейский,,60.000969,30.453831
32.0,7.2,52.6,2,5500000,2,,,,,,,,0,,0,2,brick,Петродворцовый,,59.861087,29.929817
29.7,8.0,46.4,4,7400000,2,,,,,,,,1,1968.0,0,9,brick,Кировский,Проспект Ветеранов,59.828577,30.214152
16.4,5.0,31.5,5,3875000,0,,,,,,,,1,2021.0,1,12,monolith,Пушкинский,Звездная,59.755331,30.468977
17.5,5.0,26.7,8,6699000,0,,,,,,,,1,2016.0,2,24,monolith,Приморский,Комендантский проспект,60.028105,30.247138
28.7,7.0,46.1,7,7500000,2,,,,,,,,1,1974.0,0,9,panel,Фрунзенский,Дунайская,59.835324,30.393878
12.5,12.0,40.0,27,7100000,1,,,,,,,,3,2015.0,0,27,monolith,Выборгский,Парнас,60.077629,30.336386
0.0,0.0,35.0,19,7500000,1,,,,,,,,3,2017.0,1,26,monolith,Невский,,59.828188,30.554425
20.0,12.0,41.0,25,6990000,1,,,,,,,,2,2017.0,1,25,monolithBrick,Выборгский,Проспект Просвещения,60.046203,30.363084
0.0,0.0,24.0,22,6000000,0,,,,,,,,2,2018.0,1,24,monolith,Приморский,Комендантский проспект,60.029022,30.250049
15.5,13.0,41.9,7,7950000,1,,,,,,,,3,2006.0,1,16,brick,Калининский,Лесная,59.979952,30.393959
14.9,10.0,33.54,24,7500000,1,,,,,,,,0,,0,24,,Приморский,,60.04024,30.215571
20.0,6.0,32.0,1,3850000,1,,,,,,,,0,,0,2,brick,Курортный,,60.210096,29.514921
0.0,7.0,50.0,2,7100000,2,,,,,,,,0,1969.0,0,5,panel,Красносельский,Проспект Ветеранов,59.838218,30.170296
18.0,0.0,26.0,1,7250000,0,,,,,,,,2,,1,12,monolith,Московский,Парк Победы,59.873162,30.34827
16.0,11.0,40.0,9,7700000,1,,,,,,,,1,2004.0,1,9,panel,Кировский,Проспект Ветеранов,59.830843,30.205941
0.0,0.0,25.0,5,6500000,0,,,,,,,,1,2016.0,1,16,monolith,Василеостровский,Приморская,59.940222,30.203866
0.0,10.0,34.55,20,8100000,1,,,,,,,,2,2018.0,1,21,monolithBrick,Приморский,,60.040577,30.21965
0.0,0.0,25.0,3,6000000,0,,,,,,,,2,2008.0,1,10,brick,Калининский,Гражданский проспект,60.036677,30.393662
0.0,8.4,35.6,2,6400000,1,,,,,,,,1,,1,10,monolith,Красносельский,,59.842024,30.116559
19.4,5.2,32.0,1,7500000,1,,,,,,,,1,1964.0,0,9,brick,Выборгский,Площадь Мужества,60.002265,30.347642
30.2,7.1,44.5,1,7700000,2,,,,,,,,0,1968.0,0,5,panel,Калининский,Академическая,60.017499,30.404289
18.2,0.0,24.4,16,5850000,0,,,,,,,,1,,1,25,monolith,Приморский,Комендантский проспект,60.039076,30.227959
31.5,8.3,48.2,5,7890000,2,,,,,,,,1,1965.0,0,9,brick,Фрунзенский,Проспект Славы,59.856474,30.368105
0.0,0.0,24.0,16,5000000,0,,,,,,,,1,2016.0,0,23,monolith,Московский,Звездная,59.831453,30.327681
15.7,8.1,31.4,8,6400000,1,,,,,,,,1,1970.0,0,9,panel,Калининский,Академическая,60.013137,30.422705
11.7,9.9,34.3,7,6600000,1,,,,,,,,1,2020.0,1,13,brick,Приморский,Беговая,60.03358,30.134615
0.0,0.0,22.0,2,4100000,0,,,,,,,,1,1913.0,0,5,brick,Центральный,Лиговский проспект,59.920524,30.347749
31.0,7.0,45.0,2,7750000,2,,,,,,,,0,1964.0,0,5,panel,Фрунзенский,Проспект Славы,59.857685,30.377771
0.0,0.0,30.7,1,5800000,1,,,,,,,,0,1962.0,0,5,brick,Выборгский,Политехническая,60.01749,30.365186
18.7,9.1,38.5,13,7749000,1,,,,,,,,1,2005.0,1,17,monolithBrick,Невский,Пролетарская,59.860667,30.497966
0.0,0.0,29.0,3,7250000,1,,,,,,,,1,1913.0,0,6,brick,Фрунзенский,Обводный канал,59.911854,30.358098
0.0,0.0,27.0,7,7900000,0,,,,,,,,1,2019.0,1,17,monolith,Невский,Улица Дыбенко,59.900859,30.456383
0.0,0.0,31.8,3,4750000,1,,,,,,,,0,,0,5,stalin,Кронштадтский,,59.986619,29.785449
38.3,5.2,54.6,5,6900000,3,,,,,,,,0,1968.0,0,5,brick,Пушкинский,Купчино,59.738135,30.419183
19.8,10.1,38.2,2,6450000,1,,,,,,,,1,1984.0,1,12,panel,Красногвардейский,Проспект Большевиков,59.937522,30.478616
23.0,0.0,32.0,11,7100000,0,,,,,,,,4,2004.0,0,22,monolith,Красногвардейский,Ладожская,59.952105,30.483476
24.0,0.0,30.0,11,8000000,0,,,,,,,,4,,4,12,monolith,Выборгский,Площадь Мужества,59.999584,30.359203
18.0,5.0,28.0,10,6250000,0,,,,,,,,0,,0,10,monolith,Красносельский,Проспект Ветеранов,59.842024,30.116559
18.3,10.0,45.1,8,8000000,1,,,,,,,,1,2014.0,1,16,monolithBrick,Невский,Новочеркасская,59.918774,30.434293
16.0,0.0,26.0,7,3420000,0,,,,,,,,1,2022.0,1,12,monolith,Пушкинский,,59.755331,30.468977
34.1,11.3,58.0,1,7549000,2,,,,,,,,1,2009.0,0,8,,Красносельский,,59.720249,30.082396
0.0,0.0,26.25,4,5750000,0,,,,,,,,1,,1,28,monolithBrick,Выборгский,Парнас,60.077301,30.349842
20.0,5.0,26.4,3,5600000,0,,,,,,,,2,,2,25,monolith,Выборгский,Парнас,60.071438,30.312428
17.4,6.3,32.4,8,6950000,1,,,,,,,,2,1972.0,0,12,panel,Калининский,Гражданский проспект,60.033113,30.385299
0.0,5.5,32.0,5,5800000,1,,,,,,,,0,1966.0,0,5,brick,Кировский,Проспект Ветеранов,59.835907,30.262059
24.2,3.0,28.0,7,6200000,0,,,,,,,,4,2012.0,2,36,monolith,Невский,Рыбацкое,59.846075,30.485452
20.0,10.0,40.0,10,7500000,1,,,,,,,,1,1987.0,1,16,panel,Красносельский,Ленинский проспект,59.857902,30.189484
17.0,6.0,31.0,3,6500000,1,,,,,,,,0,1964.0,0,5,panel,Московский,Купчино,59.848439,30.362509
0.0,0.0,26.0,19,90000,0,,,,,,,,2,2019.0,2,26,panel,Фрунзенский,Дунайская,59.834515,30.401846
18.0,0.0,28.5,5,7490000,0,,,,,,,,1,2018.0,1,15,monolith,Василеостровский,Приморская,59.937544,30.198476
18.0,9.5,36.0,2,7650000,1,,,,,,,,2,,1,15,monolith,Невский,Улица Дыбенко,59.89552,30.463506
17.0,0.0,30.6,2,8100000,1,,,,,,,,0,1961.0,0,5,brick,Василеостровский,Приморская,59.95079,30.239107
27.0,5.0,43.0,1,8000000,2,,,,,,,,0,1962.0,0,5,brick,Красногвардейский,Новочеркасская,59.959782,30.415949
25.0,6.0,35.4,6,6400000,1,,,,,,,,1,,1,12,brick,Красногвардейский,,59.973311,30.434904
18.0,9.7,39.8,30,8066000,1,,,,,,,,4,2012.0,0,36,monolith,Невский,Рыбацкое,59.846075,30.485452
25.0,5.4,40.4,3,7000000,3,,,,,,,,0,1963.0,0,5,panel,Московский,Московская,59.854346,30.299546
17.1,12.2,38.0,17,6290000,1,,,,,,,,1,,2,25,monolithBrick,Выборгский,Проспект Просвещения,60.073912,30.243096
27.0,6.0,42.6,3,7100000,2,,,,,,,,0,1961.0,0,5,panel,Невский,Пролетарская,59.864954,30.447058
27.0,8.0,48.0,2,8000000,2,,,,,,,,2,1984.0,0,16,panel,Красносельский,Ленинский проспект,59.852547,30.211089
21.5,14.0,46.3,4,6500000,1,,,,,,,,2,2021.0,0,14,monolith,Пушкинский,Купчино,59.808794,30.359041
15.0,0.0,22.0,1,4800000,0,,,,,,,,0,2020.0,1,13,panel,Красногвардейский,,60.000951,30.45234
27.0,9.4,46.5,24,8000000,2,,,,,,,,2,2017.0,1,25,monolith,Пушкинский,Купчино,59.810093,30.367872
31.0,5.5,45.0,5,7450000,2,,,,,,,,0,1967.0,0,5,panel,Фрунзенский,Международная,59.872096,30.39713
11.3,3.4,20.8,19,4800000,0,,,,,,,,0,,0,25,monolithBrick,Выборгский,Парнас,60.08568,30.347884
16.0,5.0,22.0,4,7300000,0,,,,,,,,2,2019.0,1,25,monolithBrick,Приморский,Беговая,60.002036,30.212238
15.0,10.0,35.0,5,7950000,1,,,,,,,,1,2017.0,0,9,monolithBrick,Приморский,Комендантский проспект,60.041242,30.222964
18.0,0.0,25.0,10,5685000,0,,,,,,,,1,2022.0,1,18,,Приморский,Комендантский проспект,60.04024,30.215571
15.0,5.0,30.4,8,4900000,0,,,,,,,,1,2016.0,1,16,brick,Колпинский,Рыбацкое,59.813179,30.568519
14.5,12.0,29.0,2,5280000,1,,,,,,,,0,1962.0,0,5,panel,Курортный,Беговая,60.101481,29.969819
0.0,0.0,24.7,12,6300000,0,,,,,,,,3,2016.0,0,26,monolith,Невский,Ломоносовская,59.892518,30.451406
27.9,5.1,42.2,5,7000000,2,,,,,,,,0,1966.0,0,5,brick,Пушкинский,,59.731568,30.413838
27.9,5.1,42.2,5,7000000,2,,,,,,,,0,1966.0,0,5,brick,Пушкинский,,59.731568,30.413838
15.7,10.4,41.0,13,6620000,1,,,,,,,,4,2015.0,1,23,monolith,Невский,Ломоносовская,59.862528,30.512177
16.8,0.0,26.4,12,4500000,0,,,,,,,,0,,0,18,monolith,Невский,Улица Дыбенко,59.904446,30.496124
9.3,16.6,41.58,4,6990000,1,,,,,,,,2,2022.0,2,26,monolith,Выборгский,Парнас,60.086483,30.355223
21.0,6.5,35.0,8,7450000,1,,,,,,,,1,1971.0,0,9,brick,Фрунзенский,Проспект Славы,59.870339,30.411197
15.0,10.0,30.0,3,5650000,1,,,,,,,,2,,1,25,,Красногвардейский,,60.003997,30.480862
31.0,0.0,34.0,5,5950000,0,,,,,,,,0,2008.0,1,8,brick,Красногвардейский,Ладожская,59.965304,30.49095
14.2,13.0,34.0,23,7000000,1,,,,,,,,3,2012.0,0,27,monolith,Выборгский,Парнас,60.073167,30.332011
9.0,2.0,11.5,1,3180000,0,,,,,,,,0,,0,4,brick,Василеостровский,Василеостровская,59.932432,30.273522
17.8,0.0,23.3,12,5250000,0,,,,,,,,1,2018.0,2,21,monolith,Красносельский,,59.866689,30.175012
17.0,10.0,34.3,8,7500000,1,,,,,,,,1,2008.0,1,14,monolithBrick,Красносельский,Автово,59.857911,30.192305
20.4,9.2,42.9,3,8000000,1,,,,,,,,0,2011.0,1,6,brick,Пушкинский,,59.69618,30.415446
29.7,6.2,46.9,3,8000000,2,,,,,,,,1,,0,9,panel,Кировский,Автово,59.860053,30.251073
15.6,10.2,36.0,16,7500000,1,,,,,,,,2,2021.0,1,24,monolith,Приморский,,60.037935,30.232855
0.0,0.0,17.0,3,3400000,0,,,,,,,,0,1887.0,0,4,brick,Центральный,Площадь Восстания,59.933131,30.377304
19.5,0.0,26.0,23,5250000,0,,,,,,,,1,2015.0,2,23,monolithBrick,Невский,,59.864439,30.51418
0.0,5.0,43.0,1,7500000,2,,,,,,,,0,1961.0,0,4,brick,Пушкинский,,59.719637,30.428804
18.0,5.0,24.0,10,7400000,0,,,,,,,,2,2017.0,1,22,monolith,Красногвардейский,Ладожская,59.939262,30.43785
21.4,0.0,23.4,2,5199999,0,,,,,,,,1,2021.0,1,13,panel,Красногвардейский,Академическая,60.001496,30.453831
0.0,0.0,23.5,9,4700000,0,,,,,,,,1,2018.0,1,12,monolithBrick,Красносельский,Проспект Ветеранов,59.841975,30.113127
43.8,8.6,72.9,5,6570000,3,,,,,,,,0,1994.0,0,5,panel,Красносельский,,59.668325,30.071751
20.6,7.3,35.9,2,5700000,1,,,,,,,,0,1971.0,0,5,brick,Колпинский,,59.745463,30.593304
16.0,10.0,36.0,5,6200000,1,,,,,,,,2,2015.0,0,18,monolithBrick,Колпинский,,59.813527,30.566777
15.0,10.0,35.0,9,7600000,1,,,,,,,,3,2018.0,3,33,monolith,Невский,Рыбацкое,59.831761,30.546789
16.9,0.0,27.64,3,8000000,0,,,,,,,,2,2019.0,2,27,monolith,Фрунзенский,Дунайская,59.834515,30.401846
0.0,0.0,30.0,3,5799990,1,,,,,,,,1,,1,5,,Московский,,59.760235,30.319488
19.4,9.2,39.0,21,7820000,1,,,,,,,,1,2017.0,1,25,monolithBrick,Выборгский,Проспект Просвещения,60.046203,30.363084
44.0,6.0,60.0,1,7700000,3,,,,,,,,1,1972.0,0,9,panel,Калининский,Гражданский проспект,60.035194,30.389467
17.4,0.0,24.4,12,5800000,0,,,,,,,,1,2021.0,1,13,monolith,Приморский,Комендантский проспект,60.031751,30.199958
22.0,0.0,26.0,11,5850000,0,,,,,,,,4,,2,25,monolith,Приморский,,60.033773,30.214826
0.0,0.0,23.0,3,5200000,0,,,,,,,,0,1873.0,0,4,brick,Центральный,Звенигородская,59.920546,30.341156
0.0,0.0,25.0,5,8000000,0,,,,,,,,1,2018.0,0,5,brick,Адмиралтейский,Пушкинская,59.917249,30.333772
15.3,10.1,32.9,1,5910000,1,,,,,,,,0,,0,5,,Московский,,59.760752,30.319309
17.3,8.4,33.0,9,7650000,1,,,,,,,,1,1991.0,0,10,panel,Красносельский,Автово,59.85872,30.212212
17.0,1.0,25.0,21,4650000,0,,,,,,,,2,,3,25,monolith,Приморский,,60.033773,30.214826
15.0,0.0,24.0,21,5300000,0,,,,,,,,0,,0,24,monolith,Приморский,,60.033773,30.214826
14.0,0.0,21.0,7,6300000,0,,,,,,,,1,2021.0,1,13,,Приморский,Лесная,59.990624,30.327906
18.0,6.0,32.0,4,5600000,1,,,,,,,,0,1970.0,0,5,brick,Пушкинский,,59.732856,30.410595
21.6,10.5,46.6,1,7500000,2,,,,,,,,1,2020.0,1,25,monolith,Красногвардейский,Гражданский проспект,60.003381,30.48202
17.0,9.1,39.5,15,7100000,1,,,,,,,,1,2018.0,1,19,monolithBrick,Приморский,Комендантский проспект,60.033153,30.236448
0.0,0.0,32.0,13,6250000,1,,,,,,,,2,,1,13,,Приморский,,60.033791,30.137849
19.5,0.0,29.0,11,6900000,0,,,,,,,,1,2013.0,1,23,monolith,Приморский,Пионерская,59.998324,30.300965
17.2,7.7,37.3,4,7600000,1,,,,,,,,0,1984.0,0,5,brick,Курортный,,60.198851,29.711841
37.3,5.3,49.1,4,8000000,4,,,,,,,,0,1967.0,0,5,panel,Московский,Московская,59.843078,30.307514
0.0,0.0,35.0,1,7400000,1,,,,,,,,1,2017.0,0,7,monolith,Приморский,,60.058475,30.275965
18.7,7.4,33.5,13,6000000,1,,,,,,,,2,2020.0,1,25,monolith,Красногвардейский,,60.003331,30.479083
31.0,7.0,46.1,6,7550000,2,,,,,,,,1,1972.0,0,9,panel,Невский,Проспект Большевиков,59.923978,30.499574
13.0,0.0,23.0,8,5530000,0,,,,,,,,1,2021.0,1,13,monolith,Приморский,Комендантский проспект,60.031751,30.199958
39.4,6.2,61.0,7,7600000,3,,,,,,,,1,1975.0,0,9,panel,Колпинский,,59.740212,30.573945
25.0,5.0,36.0,1,6200000,1,,,,,,,,0,1958.0,0,3,monolith,Московский,Московская,59.810609,30.298773
17.4,6.0,31.5,5,6500000,1,,,,,,,,0,1963.0,0,5,panel,Красногвардейский,Новочеркасская,59.976877,30.422292
16.5,9.8,38.8,24,7000000,1,,,,,,,,2,2018.0,2,24,monolith,Невский,Рыбацкое,59.831087,30.545037
25.0,0.0,40.0,6,7999000,0,,,,,,,,1,2017.0,1,14,monolithBrick,Невский,Рыбацкое,59.834067,30.522903
28.2,8.2,45.7,1,8000000,2,,,,,,,,2,1970.0,0,9,panel,Калининский,Площадь Ленина,59.980312,30.410667
15.8,8.0,35.8,8,7800000,1,,,,,,,,1,2017.0,0,25,,Приморский,,60.040627,30.257002
18.0,0.0,24.03,5,6450000,0,,,,,,,,2,,1,10,monolithBrick,Невский,Ломоносовская,59.880261,30.428355
18.0,0.0,24.03,5,6450000,0,,,,,,,,2,,1,10,monolithBrick,Невский,Ломоносовская,59.880261,30.428355
15.5,8.0,31.0,3,6500000,1,,,,,,,,1,1973.0,0,9,panel,Фрунзенский,Купчино,59.839362,30.381328
14.5,10.2,32.1,5,6350000,1,,,,,,,,1,2022.0,1,5,monolithBrick,Московский,Звездная,59.76169,30.314368
28.0,6.0,42.0,2,5700000,3,,,,,,,,0,1963.0,0,4,panel,Колпинский,Купчино,59.750875,30.566112
23.7,0.0,31.11,9,6350000,0,,,,,,,,0,,0,15,,Приморский,,60.03913,30.215589
0.0,0.0,22.0,3,4450000,0,,,,,,,,0,1875.0,0,5,brick,Центральный,Площадь Восстания,59.936129,30.376612
0.0,0.0,23.0,2,3800000,0,,,,,,,,0,1901.0,0,5,brick,Центральный,Площадь Восстания,59.934704,30.36665
0.0,9.2,36.7,1,5650000,1,,,,,,,,0,2013.0,0,5,brick,Петродворцовый,,59.85965,29.936105
16.9,10.7,42.5,13,7799000,1,,,,,,,,4,2011.0,0,26,monolith,Выборгский,Парнас,60.071416,30.326414
15.0,2.0,19.0,2,3790000,0,,,,,,,,0,1879.0,0,4,brick,Центральный,Звенигородская,59.923523,30.33626
0.0,0.0,31.8,10,7900000,0,,,,,,,,3,,2,13,,Приморский,Черная речка,59.990242,30.292584
19.0,0.0,27.0,15,4700000,0,,,,,,,,1,,1,19,monolith,Выборгский,Парнас,60.071254,30.31135
10.9,16.6,34.51,12,7000000,1,,,,,,,,0,,0,13,,Красногвардейский,Академическая,60.006512,30.450043
30.0,8.6,51.4,5,7500000,2,,,,,,,,2,1987.0,0,14,panel,Колпинский,,59.738811,30.620568
16.0,9.0,32.0,12,6700000,1,,,,,,,,1,2017.0,1,12,monolith,Красносельский,Проспект Ветеранов,59.841975,30.113127
0.0,0.0,59.7,1,7499000,2,,,,,,,,1,2012.0,0,9,monolithBrick,Красносельский,,59.74641,30.078641
30.6,5.7,41.4,1,6800000,3,,,,,,,,0,1960.0,0,5,panel,Кировский,Автово,59.866048,30.275704
0.0,0.0,12.8,3,2850000,0,,,,,,,,0,1862.0,0,5,brick,Центральный,Маяковская,59.933018,30.347435
0.0,0.0,30.0,1,7500000,1,,,,,,,,0,1837.0,0,3,brick,Адмиралтейский,Садовая,59.924641,30.317126
14.0,0.0,22.0,5,7500000,0,,,,,,,,2,2018.0,0,25,brick,Невский,Ломоносовская,59.884641,30.426684
17.1,12.1,39.9,1,5350000,1,,,,,,,,0,2006.0,0,5,brick,Колпинский,,59.788927,30.614073
18.0,0.0,23.5,3,7650000,1,,,,,,,,3,,2,5,brick,Курортный,,60.086259,29.942564
40.0,11.0,66.0,12,7890000,2,,,,,,,,2,,1,14,monolith,Выборгский,Проспект Просвещения,60.069225,30.2374
27.0,5.5,42.0,3,6500000,2,,,,,,,,0,1961.0,0,3,brick,Петродворцовый,,59.852972,30.03245
10.0,12.6,30.0,6,5700000,1,,,,,,,,2,,1,25,panel,Красногвардейский,Академическая,60.002935,30.48273
15.0,7.0,29.5,9,8000000,1,,,,,,,,1,1971.0,0,9,panel,Невский,Улица Дыбенко,59.893773,30.489818
0.0,0.0,23.5,6,4300000,0,,,,,,,,1,2019.0,0,9,monolith,Петродворцовый,,59.897578,29.765821
0.0,0.0,44.5,6,5850000,1,,,,,,,,0,,0,14,,Выборгский,,60.069643,30.234615
0.0,0.0,28.0,2,4600000,0,,,,,,,,1,2021.0,1,25,monolith,Выборгский,Парнас,60.071254,30.31135
0.0,0.0,24.8,16,6380000,0,,,,,,,,1,,2,24,monolith,Приморский,Комендантский проспект,60.034987,30.219416
0.0,0.0,34.4,9,7350000,1,,,,,,,,1,2022.0,1,13,monolithBrick,Приморский,,60.032322,30.198647
15.1,13.6,37.3,11,7450000,1,,,,,,,,1,2021.0,1,13,monolith,Приморский,Комендантский проспект,60.031751,30.199958
0.0,5.0,45.0,5,6390000,2,,,,,,,,0,1968.0,0,5,brick,Пушкинский,Купчино,59.729268,30.46559
0.0,5.4,25.27,1,6900000,0,,,,,,,,2,2021.0,1,14,monolithBrick,Приморский,Лесная,59.98507,30.32628
18.0,6.5,34.0,4,5600000,1,,,,,,,,1,1985.0,0,10,monolithBrick,Кронштадтский,Беговая,60.009062,29.716566
27.0,6.1,44.0,5,5900000,2,,,,,,,,1,1982.0,0,9,panel,Петродворцовый,,59.895434,29.769216
14.0,10.0,34.0,7,7650000,1,,,,,,,,2,2021.0,1,13,monolith,Приморский,,60.032322,30.198647
25.6,7.1,44.8,4,7100000,2,,,,,,,,1,1981.0,0,9,brick,Красносельский,,59.84268,30.149949
14.5,5.0,26.6,4,6100000,0,,,,,,,,2,2021.0,2,26,monolithBrick,Выборгский,Парнас,60.069346,30.314862
14.4,0.0,22.5,14,7000000,0,,,,,,,,1,2021.0,1,16,monolith,Красногвардейский,Площадь Ленина,59.970303,30.418851
24.0,10.2,48.1,9,7700000,2,,,,,,,,0,2017.0,1,25,monolith,Выборгский,Проспект Просвещения,60.07244,30.244299
17.9,8.8,34.7,5,5400000,1,,,,,,,,1,1977.0,0,6,brick,Кронштадтский,,60.00083,29.763404
0.0,0.0,31.0,2,5400000,0,,,,,,,,0,1960.0,0,3,brick,Пушкинский,,59.701496,30.405152
0.0,0.0,31.8,19,4800000,0,,,,,,,,0,,0,25,,Невский,Пролетарская,59.868966,30.512581
18.0,2.0,21.0,2,4050000,0,,,,,,,,1,1875.0,0,4,brick,Центральный,Площадь Восстания,59.927554,30.356373
16.7,6.2,28.7,1,4000000,1,,,,,,,,0,1967.0,0,5,brick,Петродворцовый,Проспект Ветеранов,59.916604,29.77254
15.7,0.0,25.0,22,5500000,0,,,,,,,,2,2017.0,1,23,monolith,Выборгский,Парнас,60.079639,30.33608
29.3,8.8,46.2,9,7800000,2,,,,,,,,1,1971.0,0,9,brick,Колпинский,Шушары,59.742692,30.582263
0.0,11.1,37.01,5,6150000,1,,,,,,,,2,,1,20,monolith,Красногвардейский,Ладожская,59.956832,30.449978
28.4,5.8,44.5,1,7000000,2,,,,,,,,0,1960.0,0,5,panel,Невский,Ломоносовская,59.86663,30.446771
16.9,10.2,34.0,2,8050000,1,,,,,,,,0,,0,4,,Кронштадтский,,59.986065,29.796049
20.6,9.4,43.47,1,7150000,0,,,,,,,,1,2018.0,0,4,monolith,Пушкинский,,59.753858,30.369471
15.0,0.0,18.8,11,4283000,0,,,,,,,,0,,0,13,monolith,Приморский,Черная речка,59.990242,30.292584
20.0,0.0,32.0,19,6200000,0,,,,,,,,1,2021.0,1,20,monolith,Выборгский,Парнас,60.071254,30.31135
18.0,6.0,35.0,6,5500000,1,,,,,,,,1,1985.0,1,14,brick,Колпинский,Шушары,59.73423,30.582587
35.7,10.1,61.5,7,7900000,2,,,,,,,,1,2010.0,0,10,panel,Выборгский,,60.072282,30.239044
16.6,8.2,34.4,11,7350000,1,,,,,,,,2,2012.0,2,26,monolith,Красносельский,Ленинский проспект,59.861015,30.191514
10.0,14.0,30.0,22,6100000,1,,,,,,,,0,,0,25,panel,Красногвардейский,,60.003961,30.482461
11.4,15.4,37.49,14,7500000,1,,,,,,,,2,,1,15,brick,Выборгский,,60.071281,30.256598
11.0,13.9,32.4,4,6800000,1,,,,,,,,1,2022.0,1,13,panel,Красногвардейский,Академическая,60.007627,30.451388
44.0,7.0,67.0,5,7550000,3,,,,,,,,0,1982.0,0,5,panel,Выборгский,,60.073198,30.239323
32.0,9.6,54.0,3,7999000,2,,,,,,,,1,2021.0,1,19,monolithBrick,Выборгский,Парнас,60.071254,30.31135
45.7,9.6,65.4,5,7900000,3,,,,,,,,0,1976.0,0,5,panel,Красносельский,,59.789004,30.149716
12.0,16.2,35.84,11,7000000,1,,,,,,,,1,,2,13,panel,Красногвардейский,Академическая,60.00625,30.450482
18.2,6.4,30.0,17,6600000,0,,,,,,,,2,2010.0,1,27,monolith,Невский,Рыбацкое,59.832114,30.510048
17.0,9.8,43.4,9,7000000,1,,,,,,,,1,2009.0,1,16,panel,Красносельский,Проспект Ветеранов,59.792721,30.153174
13.3,8.9,33.2,5,6900000,1,,,,,,,,1,2017.0,1,12,monolithBrick,Приморский,Беговая,60.031014,30.137921
14.9,11.0,32.7,23,6300000,1,,,,,,,,3,2018.0,1,27,monolithBrick,Невский,Рыбацкое,59.827713,30.552978
0.0,0.0,21.0,5,7200000,0,,,,,,,,2,2019.0,0,25,,Приморский,Комендантский проспект,60.002036,30.212238
13.6,5.0,20.0,6,4999999,0,,,,,,,,2,2020.0,2,15,monolithBrick,Василеостровский,Приморская,59.931336,30.200846
14.4,0.0,26.6,21,5100000,0,,,,,,,,2,2021.0,2,25,monolith,Выборгский,Парнас,60.071438,30.312428
15.0,5.0,25.0,23,5100000,0,,,,,,,,4,2021.0,2,24,monolith,Приморский,Комендантский проспект,60.033773,30.214826
28.0,6.0,58.0,3,6500000,3,,,,,,,,0,1963.0,0,5,brick,Колпинский,Рыбацкое,59.806179,30.580799
28.0,6.0,42.6,5,6500000,2,,,,,,,,0,1963.0,0,5,brick,Пушкинский,Купчино,59.68534,30.422956
0.0,5.5,17.0,2,4050000,0,,,,,,,,0,,0,14,,Приморский,,60.052861,30.268976
15.0,5.0,25.8,1,6000000,0,,,,,,,,1,2020.0,1,4,brick,Кронштадтский,,59.985552,29.797064
39.0,5.5,55.2,3,8000000,3,,,,,,,,0,1968.0,0,5,brick,Пушкинский,Купчино,59.810351,30.380987
20.0,0.0,24.3,13,7150000,0,,,,,,,,1,,1,13,monolith,Калининский,Лесная,59.982044,30.365675
0.0,0.0,24.0,2,5150000,0,,,,,,,,1,2017.0,1,13,monolith,Красносельский,Проспект Ветеранов,59.841975,30.113127
44.0,5.0,58.2,1,7300000,3,,,,,,,,0,1969.0,0,5,panel,Петродворцовый,Проспект Ветеранов,59.907816,29.783535
0.0,0.0,20.9,8,4850000,0,,,,,,,,2,,1,24,,Приморский,,60.053179,30.27097
29.3,8.1,48.2,7,8000000,2,,,,,,,,1,1977.0,0,9,brick,Колпинский,,59.741713,30.561072
14.8,10.2,30.4,2,5250000,1,,,,,,,,1,,0,10,brick,Пушкинский,,59.755571,30.471879
17.0,0.0,24.6,11,3910000,0,,,,,,,,1,,1,11,monolithBrick,Колпинский,Рыбацкое,59.773461,30.607371
14.0,4.0,26.0,7,5650000,1,,,,,,,,0,2019.0,1,9,brick,Петродворцовый,Проспект Ветеранов,59.897578,29.765821
14.6,6.0,21.0,19,5690000,0,,,,,,,,2,,1,24,monolith,Приморский,,60.033773,30.214826
0.0,12.0,59.0,13,7000000,2,,,,,,,,1,2021.0,2,25,monolith,Выборгский,,60.073912,30.243096
16.6,0.0,23.14,2,6500000,0,,,,,,,,1,2020.0,1,4,monolithBrick,Кронштадтский,,59.986065,29.796049
14.2,0.0,14.2,2,1600000,6,,,,,,,,0,1970.0,0,5,brick,Красносельский,,59.780645,30.102231
15.0,0.0,17.0,2,3190000,0,,,,,,,,0,1908.0,0,5,brick,Выборгский,Выборгская,59.967209,30.348504
17.0,0.0,17.0,2,3250000,0,,,,,,,,1,1912.0,0,6,brick,Петроградский,Чкаловская,59.960444,30.28891
0.0,0.0,25.5,2,3600000,0,,,,,,,,1,,0,9,monolith,Петродворцовый,,59.897578,29.765821
0.0,0.0,18.0,4,3650000,0,,,,,,,,1,1873.0,0,4,brick,Центральный,Достоевская,59.925931,30.346357
0.0,0.0,18.0,2,3700000,0,,,,,,,,0,,0,3,,Центральный,Чернышевская,59.947955,30.357182
0.0,0.0,20.0,2,3800000,0,,,,,,,,0,,0,6,,Центральный,Чернышевская,59.945617,30.34474
15.0,0.0,18.4,8,3889000,0,,,,,,,,0,,0,21,monolith,Приморский,Черная речка,59.990242,30.292584
11.5,13.9,35.3,4,4000000,1,,,,,,,,0,2021.0,1,9,monolith,Петродворцовый,Проспект Ветеранов,59.897578,29.765821
15.5,0.0,18.4,8,4077777,0,,,,,,,,2,,2,13,monolith,Приморский,Черная речка,59.990242,30.292584
0.0,0.0,22.0,2,4150000,0,,,,,,,,0,1873.0,0,5,brick,Центральный,Звенигородская,59.920546,30.341156
0.0,0.0,20.0,3,4200000,0,,,,,,,,1,1879.0,0,5,brick,Центральный,Владимирская,59.925426,30.352061
0.0,0.0,19.0,3,4200000,0,,,,,,,,0,1910.0,0,5,brick,Петроградский,Горьковская,59.959034,30.309795
0.0,0.0,22.8,3,4200000,0,,,,,,,,1,1894.0,0,5,brick,Центральный,Площадь Восстания,59.92998,30.368213
0.0,0.0,20.0,3,4250000,0,,,,,,,,0,1806.0,0,4,brick,Адмиралтейский,Спасская,59.927022,30.323809
0.0,0.0,21.0,2,4300000,0,,,,,,,,1,1912.0,0,7,brick,Петроградский,Петроградская,59.968637,30.302708
18.5,0.0,24.0,9,4300000,0,,,,,,,,1,2020.0,1,9,monolithBrick,Петродворцовый,Купчино,59.897578,29.765821
0.0,0.0,21.0,2,4300000,0,,,,,,,,0,1974.0,0,5,brick,Адмиралтейский,Технологический институт,59.920167,30.318338
0.0,0.0,23.0,2,4450000,0,,,,,,,,0,1916.0,0,4,brick,Центральный,Звенигородская,59.918404,30.34165
0.0,0.0,25.0,6,4600000,0,,,,,,,,1,1860.0,0,6,brick,Центральный,Чернышевская,59.942804,30.360308
0.0,0.0,23.0,2,4650000,0,,,,,,,,0,1974.0,0,5,brick,Адмиралтейский,Технологический институт,59.920167,30.318338
27.4,5.0,42.8,5,4750000,2,,,,,,,,0,1967.0,0,5,brick,Кронштадтский,,59.998463,29.772513
0.0,0.0,24.0,3,4750000,0,,,,,,,,1,1912.0,0,7,brick,Центральный,Гостиный двор,59.938076,30.347022
0.0,0.0,28.0,2,4800000,0,,,,,,,,1,1856.0,0,6,brick,Василеостровский,Василеостровская,59.943156,30.27963
21.1,0.0,28.4,1,4800000,1,,,,,,,,3,2014.0,0,24,monolith,Невский,Пролетарская,59.863116,30.51401
0.0,0.0,23.0,2,4900000,0,,,,,,,,1,1916.0,0,6,brick,Центральный,Лиговский проспект,59.923035,30.350507
14.5,0.0,28.0,7,4900000,0,,,,,,,,2,,2,20,monolithBrick,Выборгский,Парнас,60.071438,30.312428
0.0,0.0,24.0,2,4900000,0,,,,,,,,0,,0,6,,Центральный,Гостиный двор,59.938698,30.34474
0.0,0.0,25.0,1,4900000,0,,,,,,,,0,1828.0,0,5,brick,Центральный,Чернышевская,59.946743,30.352492
16.0,10.4,34.6,4,4950000,1,,,,,,,,0,,0,6,brick,Пушкинский,Купчино,59.756446,30.4754
15.0,5.0,27.0,11,5000000,0,,,,,,,,1,2021.0,1,19,,Выборгский,Парнас,60.071254,30.31135
0.0,0.0,20.0,2,5000000,0,,,,,,,,1,1916.0,0,6,brick,Центральный,Достоевская,59.930214,30.346294
0.0,0.0,24.2,1,5050000,0,,,,,,,,0,1859.0,0,3,,Центральный,Чернышевская,59.94622,30.362554
16.3,0.0,26.0,15,5050000,0,,,,,,,,2,2021.0,2,24,monolithBrick,Приморский,,60.033773,30.214826
16.0,8.8,32.9,8,5100000,1,,,,,,,,3,,2,25,monolith,Выборгский,Озерки,60.073912,30.243096
17.6,10.2,36.0,9,5199999,1,,,,,,,,1,2018.0,1,9,brick,Колпинский,Рыбацкое,59.774131,30.599996
15.0,5.0,25.0,16,5199000,0,,,,,,,,2,2020.0,1,25,monolithBrick,Выборгский,Парнас,60.077301,30.349842
0.0,0.0,24.0,2,5200000,0,,,,,,,,0,1873.0,0,5,brick,Центральный,Звенигородская,59.920546,30.341156
19.5,7.8,34.5,6,5250000,1,,,,,,,,1,1978.0,0,9,brick,Колпинский,,59.736262,30.587285
0.0,0.0,32.0,2,5300000,1,,,,,,,,0,1960.0,0,3,brick,Пушкинский,,59.701496,30.405152
16.0,7.0,30.0,4,5350000,1,,,,,,,,1,1972.0,0,9,brick,Красносельский,Проспект Ветеранов,59.835831,30.145125
17.1,12.5,38.8,6,5350000,1,,,,,,,,1,2012.0,1,9,brick,Красносельский,,59.746977,30.081695
21.0,14.0,45.0,6,5470000,1,,,,,,,,1,1987.0,1,12,panel,Невский,Рыбацкое,59.831625,30.511566
17.8,5.3,31.4,5,5550000,1,,,,,,,,0,1963.0,0,5,brick,Петродворцовый,,59.876937,29.900218
16.0,10.9,40.9,21,5650000,1,,,,,,,,1,,1,25,monolith,Пушкинский,Купчино,59.812387,30.367153
15.0,3.0,22.0,21,5900000,0,,,,,,,,2,,1,24,monolith,Приморский,Комендантский проспект,60.033773,30.214826
0.0,0.0,29.0,2,6000000,0,,,,,,,,0,1870.0,0,4,brick,Центральный,Сенная площадь,59.927171,30.324258
23.0,8.0,39.7,2,6000000,1,,,,,,,,1,1985.0,1,12,panel,Красногвардейский,Ладожская,59.949104,30.482892
0.0,4.0,29.5,2,6000000,1,,,,,,,,2,2018.0,2,18,brick,Пушкинский,Купчино,59.810478,30.377475
15.5,8.0,30.7,8,6000000,1,,,,,,,,1,1974.0,0,9,panel,Выборгский,Проспект Просвещения,60.045763,30.356068
20.8,0.0,28.8,11,6100000,0,,,,,,,,1,,1,19,panel,Приморский,Комендантский проспект,60.033158,30.238514
16.5,0.0,24.5,7,6125000,0,,,,,,,,0,,0,19,panel,Приморский,,60.033976,30.237427
17.4,5.5,31.0,3,6200000,1,,,,,,,,0,1966.0,0,5,panel,Фрунзенский,Международная,59.872593,30.397264
0.0,0.0,29.4,12,6200000,1,,,,,,,,0,,0,25,monolithBrick,Приморский,,60.03913,30.215589
31.0,9.5,52.5,4,6300000,2,,,,,,,,2,,1,13,block,Пушкинский,,59.763806,30.471789
14.0,11.0,36.0,8,6320000,1,,,,,,,,1,2022.0,2,14,monolithBrick,Приморский,,60.034146,30.216272
42.0,6.3,67.3,3,6300000,3,,,,,,,,0,1951.0,0,3,brick,Пушкинский,Купчино,59.76507,30.464548
0.0,0.0,22.7,4,6300000,0,,,,,,,,1,1873.0,0,5,brick,Центральный,Маяковская,59.933122,30.353966
17.8,6.2,32.1,1,6380000,1,,,,,,,,1,1977.0,0,9,panel,Приморский,Пионерская,60.012759,30.287868
0.0,0.0,30.7,14,6400000,0,,,,,,,,2,2010.0,2,22,brick,Красносельский,,59.859659,30.19456
16.2,10.3,38.6,9,6400000,1,,,,,,,,3,2015.0,1,23,monolith,Красногвардейский,Девяткино,60.030083,30.457964
0.0,0.0,38.0,2,6400000,1,,,,,,,,2,2014.0,0,19,monolith,Красногвардейский,Девяткино,60.034367,30.452349
0.0,0.0,25.2,10,6400000,0,,,,,,,,2,2015.0,1,25,monolith,Московский,Звездная,59.844041,30.361772
18.0,10.0,42.0,9,6400000,1,,,,,,,,1,2013.0,1,11,panel,Выборгский,,60.071218,30.234068
18.1,0.0,25.3,2,6500000,0,,,,,,,,1,1912.0,0,6,brick,Адмиралтейский,Балтийская,59.904423,30.291614
17.2,0.0,27.1,6,6500000,0,,,,,,,,1,2019.0,1,14,monolith,Выборгский,Проспект Просвещения,60.069032,30.235379
16.5,13.5,40.6,1,6500000,1,,,,,,,,1,2017.0,0,5,monolith,Приморский,Беговая,60.031818,30.140167
0.0,0.0,32.0,2,6500000,0,,,,,,,,0,,0,4,,Петроградский,Петроградская,59.969119,30.306319
0.0,0.0,43.7,3,6500000,2,,,,,,,,0,1964.0,0,5,panel,Петродворцовый,,59.906765,29.776789
18.0,5.0,25.0,4,6500000,0,,,,,,,,3,2017.0,0,27,monolith,Приморский,Комендантский проспект,60.041099,30.221608
30.0,6.0,47.4,2,6500000,2,,,,,,,,0,1978.0,0,5,brick,Красносельский,Проспект Ветеранов,59.733745,30.075704
0.0,0.0,30.0,3,6500000,0,,,,,,,,1,1838.0,0,4,brick,Центральный,Достоевская,59.929777,30.347291
18.5,5.6,28.3,4,6500000,0,,,,,,,,2,2016.0,0,19,panel,Выборгский,Парнас,60.070572,30.324106
0.0,0.0,28.0,3,6500000,0,,,,,,,,0,1900.0,0,5,brick,Центральный,Площадь Восстания,59.932374,30.370001
33.2,6.0,52.1,2,6550000,2,,,,,,,,1,1976.0,0,9,panel,Колпинский,Купчино,59.738548,30.576424
0.0,0.0,29.0,2,6600000,0,,,,,,,,0,,0,4,,Центральный,Площадь Ленина,59.948694,30.344938
14.5,10.0,35.1,14,6600000,1,,,,,,,,3,2017.0,1,23,monolith,Невский,Рыбацкое,59.829748,30.536
14.6,0.0,20.1,4,6699999,0,,,,,,,,1,2021.0,1,13,monolithBrick,Приморский,Лесная,59.990624,30.327906
14.7,9.4,34.5,9,6650000,1,,,,,,,,2,2017.0,0,25,monolith,Невский,Рыбацкое,59.829984,30.533557
18.6,0.0,27.6,8,6800000,0,,,,,,,,2,2015.0,1,28,monolith,Невский,Рыбацкое,59.841545,30.503724
18.6,0.0,27.6,8,6800000,0,,,,,,,,2,2015.0,1,28,monolith,Невский,Рыбацкое,59.841545,30.503724
0.0,0.0,27.4,3,6800000,0,,,,,,,,1,2021.0,0,7,brick,Адмиралтейский,Балтийская,59.904423,30.291614
15.0,9.0,32.0,21,6890000,1,,,,,,,,4,2018.0,1,25,,Невский,Рыбацкое,59.831087,30.545037
15.8,11.7,38.3,21,6800000,1,,,,,,,,2,2018.0,1,26,monolithBrick,Выборгский,Парнас,60.082857,30.352115
30.7,7.0,50.6,7,6900000,2,,,,,,,,1,1976.0,0,9,panel,Колпинский,Купчино,59.733065,30.567325
15.1,7.9,30.0,1,6990000,1,,,,,,,,1,2008.0,1,14,brick,Приморский,Комендантский проспект,60.023358,30.256723
41.0,6.0,56.0,3,7000000,3,,,,,,,,0,1963.0,0,5,brick,Колпинский,Рыбацкое,59.806876,30.580368
17.3,5.0,27.0,15,7050000,0,,,,,,,,2,2019.0,1,24,,Приморский,,60.033773,30.214826
0.0,0.0,35.0,2,7000000,0,,,,,,,,1,1912.0,0,6,brick,Петроградский,Петроградская,59.96925,30.312176
0.0,0.0,50.0,6,7000000,2,,,,,,,,1,1985.0,0,9,brick,Колпинский,Рыбацкое,59.811129,30.561468
17.0,9.0,37.7,14,7100000,1,,,,,,,,2,2018.0,0,21,panel,Приморский,,60.034686,30.232945
17.0,9.0,38.0,17,7100000,1,,,,,,,,2,2018.0,0,21,,Приморский,,60.034124,30.232361
18.0,11.7,41.12,4,7100091,1,,,,,,,,1,,0,5,monolithBrick,Пушкинский,,59.688578,30.406598
24.0,10.0,46.0,2,7150000,2,,,,,,,,0,2015.0,0,4,brick,Пушкинский,Московская,59.65298,30.404586
19.9,0.0,31.8,10,7200000,0,,,,,,,,2,2010.0,1,21,,Приморский,Комендантский проспект,60.023304,30.220449
0.0,0.0,48.0,2,7200000,2,,,,,,,,1,1974.0,0,9,panel,Колпинский,,59.741495,30.571187
28.5,7.1,45.0,1,7260000,2,,,,,,,,0,1967.0,0,5,panel,Калининский,Академическая,59.998531,30.433988
18.0,0.0,32.0,9,7250000,1,,,,,,,,1,1967.0,0,9,panel,Калининский,Площадь Ленина,59.970065,30.410488
27.0,12.0,56.2,2,7300000,2,,,,,,,,1,,1,15,monolith,Выборгский,Проспект Просвещения,60.069032,30.235379
16.2,8.5,31.0,17,7300000,1,,,,,,,,1,2010.0,1,17,monolith,Невский,Пролетарская,59.861715,30.505089
0.0,0.0,56.0,4,7300000,3,,,,,,,,0,1972.0,0,5,brick,Пушкинский,Купчино,59.812102,30.375642
11.0,15.0,32.0,15,7300000,1,,,,,,,,2,2021.0,2,24,monolithBrick,Приморский,Комендантский проспект,60.033773,30.214826
18.2,8.5,34.0,8,7300000,1,,,,,,,,1,,0,9,brick,Кировский,Проспект Ветеранов,59.829183,30.223503
17.0,10.0,40.0,1,7350000,1,,,,,,,,1,2008.0,1,14,brick,Красногвардейский,Новочеркасская,59.952218,30.423019
13.7,10.2,35.6,6,7350000,1,,,,,,,,3,2017.0,0,27,monolith,Выборгский,Парнас,60.080394,30.334832
18.1,5.5,32.1,2,7400000,1,,,,,,,,0,1969.0,0,5,brick,Невский,Елизаровская,59.890275,30.416587
0.0,6.1,42.0,3,7450000,2,,,,,,,,0,1962.0,0,5,block,Московский,Парк Победы,59.863549,30.343644
17.0,5.0,25.0,1,7499000,2,,,,,,,,1,1911.0,0,5,brick,Центральный,Площадь Восстания,59.936386,30.376837
